"Container Sow","","","","","","","","","","","","","","","","","","","","","","","","","","","","","","","","","","","","","","","","","","","","","","","","","","",""
"Task Id","Priority","Task Name","Task Type","Assignee","Task Status","Start Date","End Date","Notes","Checklist","Attachment","Instruction","Seed Depth","Seed Depth Unit","Sowing Method","Planting Pattern","In-row Spacing","In-row Spacing Unit","Between-row Spacing","Between-row Spacing Unit","Stagger Spacing","Stagger Spacing Unit","Seed Weight Or Volume Per Container","Amount Unit","Seeds Per Cell","Tags","Planting","Planting Id","Projected Initial Revenue","Projected Initial Revenue Unit","Seeds Needed","Seed Weight Needed","Seed Weight Needed Unit","Projected Initial Yield","Projected Initial Yield Unit","Square Area","Square Area Unit","Container Needed","Container Needed Type","Location","Equipment Name","Equipment Setting","Input Name","Input Rate Amount","Input Rate Unit","Input Rate Area","Total Input Amount","Input Amount Unit","Est. Labor Time (hours)","Total Actual Labor Time (hours)","Assignee Labor Time (hours)",""
"8583677","Medium","Container Sow - Beans (Common) - Dragon's Tongue - Seedlings / Plugs","Container Sow","Alexandra Engle Alexandra Engle","Incomplete","07/16/2025","07/16/2025","","","","","","in","","","","","","","","","","","1","","Beans (Common) - Dragon's Tongue - Seedlings / Plugs","003","0.0","$","59","0.0","","50.0","Seedlings / Plugs","0.0","sq. ft","0.0","","","","","","","","","","","6.00","","",""
"8583743","Medium","Container Sow - Beans (Common) - Rocdor - Seedlings / Plugs","Container Sow","Alexandra Engle Alexandra Engle","Incomplete","07/16/2025","07/16/2025","","","","","","in","","","","","","","","","","","1","","Beans (Common) - Rocdor - Seedlings / Plugs","005","0.0","$","59","0.0","","50.0","Seedlings / Plugs","0.0","sq. ft","0.0","","","","","","","","","","","6.00","","",""
"8583809","Medium","Container Sow - Beans (Common) - Provider - Seedlings / Plugs","Container Sow","Alexandra Engle Alexandra Engle","Incomplete","07/17/2025","07/17/2025","","","","","","in","","","","","","","","","","","1","","Beans (Common) - Provider - Seedlings / Plugs","007","0.0","$","177","0.0","","150.0","Pound","0.0","sq. ft","0.0","","","","","","","","","","","6.00","","",""
"8583875","Medium","Container Sow - Beans (Common) - Provider - Seedlings / Plugs","Container Sow","Alexandra Engle Alexandra Engle","Completed","07/24/2025","07/24/2025","","","","","","in","","","","","","","","","","","1","","Beans (Common) - Provider - Seedlings / Plugs","009","0.0","$","26","0.0","","22.0","Pound","0.0","sq. ft","0.0","","","","","","","","","","","6.00","","",""
"8583948","Medium","Container Sow - Beans (Common) - Provider - Seedlings / Plugs","Container Sow","Alexandra Engle Alexandra Engle","Incomplete","08/05/2025","08/05/2025","","","","","","in","","","","","","","","","","","1","","Beans (Common) - Provider - Seedlings / Plugs","011","0.0","$","208","0.0","","176.0","Pound","0.0","sq. ft","0.0","","","","","","","","","","","6.00","","",""
"8584026","Medium","Container Sow - Beans (Common) - Dragon's Tongue - Seedlings / Plugs","Container Sow","Alexandra Engle Alexandra Engle","Incomplete","07/02/2025","07/02/2025","","","","","","in","","","","","","","","","","","1","","Beans (Common) - Dragon's Tongue - Seedlings / Plugs","013","0.0","$","90","0.0","","76.0","Seedlings / Plugs","0.0","sq. ft","0.0","","","","","","","","","","","6.00","","",""
"8584093","Medium","Container Sow - Watermelons - Crimson Sweet - Seedlings / Plugs","Container Sow","Alexandra Engle Alexandra Engle","Incomplete","07/17/2025","07/17/2025","","","","","","in","","","","","","","","","","","1","","Watermelons - Crimson Sweet - Seedlings / Plugs","015","0.0","$","40","0.0","","36.0","Seedlings / Plugs","0.0","sq. ft","0.0","","","","","","","","","","","6.00","","",""
"8584111","Medium","Container Sow - Watermelons - Crimson Sweet - Seedlings / Plugs","Container Sow","Alexandra Engle Alexandra Engle","Incomplete","07/03/2025","07/03/2025","","","","","","in","","","","","","","","","","","1","","Watermelons - Crimson Sweet - Seedlings / Plugs","017","0.0","$","16","0.0","","14.0","Pound","0.0","sq. ft","0.0","","","","","","","","","","","6.00","","",""
"8584275","Medium","Container Sow - Winter Squash - Block Party - Seedlings / Plugs","Container Sow","Alexandra Engle Alexandra Engle","Completed","07/21/2025","07/21/2025","","","","","","in","","","","","","","","","","","2","","Winter Squash - Block Party - Seedlings / Plugs","019","0.0","$","22","0.0","","18.0","Kilogram","0.0","sq. ft","0.0","","","","","","","","","","","6.00","","",""
"8584354","Medium","Container Sow - Winter Squash - Honey Bear - Seedlings / Plugs","Container Sow","Alexandra Engle Alexandra Engle","Completed","07/21/2025","07/21/2025","","","","","","in","","","","","","","","","","","2","","Winter Squash - Honey Bear - Seedlings / Plugs","021","0.0","$","8","0.0","","6.0","Pound","0.0","sq. ft.","0.0","","","","","","","","","","","6.00","","",""
"8584440","Medium","Container Sow - Winter Squash - Honey Bear - Seedlings / Plugs","Container Sow","Alexandra Engle Alexandra Engle","Completed","07/21/2025","07/21/2025","","","","","","in","","","","","","","","","","","2","","Winter Squash - Honey Bear - Seedlings / Plugs","023","0.0","$","15","0.0","","12.0","Seedlings / Plugs","0.0","sq. ft","0.0","","","","","","","","","","","6.00","","",""
"8587257","Medium","Container Sow - Kale - Starbor - Seedlings / Plugs","Container Sow","Alexandra Engle Alexandra Engle","Incomplete","09/14/2025","09/14/2025","","","","","","in","","","","","","","","","","","1","","Kale - Starbor - Seedlings / Plugs","026","0.0","$","68","0.0","","57.0","Pound","0.0","sq. ft","0.0","","","","","","","","","","","6.00","","",""
"8587330","Medium","Container Sow - Watermelons - Crimson Sweet - Seedlings / Plugs","Container Sow","Alexandra Engle Alexandra Engle","Incomplete","07/01/2025","07/01/2025","","","","","","in","","","","","","","","","","","1","","Watermelons - Crimson Sweet - Seedlings / Plugs","028","0.0","$","16","0.0","","14.0","Pound","0.0","sq. ft","0.0","","","","","","","","","","","6.00","","",""
"8587340","Medium","Container Sow - Kale - Starbor - Seedlings / Plugs","Container Sow","Alexandra Engle Alexandra Engle","Incomplete","09/29/2025","09/29/2025","","","","","","in","Seeds Per Cell","","","","","","","","","","1","","Kale - Starbor - Seedlings / Plugs","030","0.0","$","68","0.0","","57.0","Seedlings / Plugs","4.8976","sq. ft.","1.36","50 Cell Flat","","","","","","","","","","6.00","","",""
"8587631","Medium","Container Sow - Strawflowers - Strawflowers Generic - Seedlings / Plugs","Container Sow","Alexandra Engle Alexandra Engle","Incomplete","07/07/2025","07/07/2025","","","","","","in","","","","","","","","","","","1","","Strawflowers - Generic Variety - Seedlings / Plugs","032","0.0","$","112","0.0","","112.0","Seedlings / Plugs","0.0","sq. ft","0.0","","","","","","","","","","","6.00","","",""
"8587637","Medium","Container Sow - Strawflowers - Strawflowers Generic - Seedlings / Plugs","Container Sow","Alexandra Engle Alexandra Engle","Incomplete","07/07/2025","07/07/2025","","","","","","in","","","","","","","","","","","1","","Strawflowers - Generic Variety - Seedlings / Plugs","034","0.0","$","114","0.0","","114.0","Seedlings / Plugs","0.0","sq. ft","0.0","","","","","","","","","","","6.00","","",""
"8587651","Medium","Container Sow - Lettuce - Muir - Seedlings / Plugs","Container Sow","Alexandra Engle Alexandra Engle","Incomplete","07/21/2025","07/21/2025","","","","","","in","","","","","","","","","","","1","","Lettuce - Muir - Seedlings / Plugs","036","0.0","$","94","0.0","","84.0","Pound","0.0","sq. ft","0.0","","","","","","","","","","","6.00","","",""
"8587679","Medium","Container Sow - Lettuce - Muir - Seedlings / Plugs","Container Sow","Alexandra Engle Alexandra Engle","Incomplete","09/15/2025","09/15/2025","","","","","","in","","","","","","","","","","","1","","Lettuce - Muir - Seedlings / Plugs","038","0.0","$","187","0.0","","168.0","Pound","0.0","sq. ft.","0.0","","","","","","","","","","","6.00","","",""
"8587692","Medium","Container Sow - Lettuce - Muir - Seedlings / Plugs","Container Sow","Alexandra Engle Alexandra Engle","Incomplete","09/15/2025","09/15/2025","","","","","","in","","","","","","","","","","","1","","Lettuce - Muir - Seedlings / Plugs","040","0.0","$","49","0.0","","44.0","Pound","0.0","sq. ft","0.0","","","","","","","","","","","6.00","","",""
"8587849","Medium","Container Sow - Tomatoes - Tomatoes Generic - Seedlings / Plugs","Container Sow","Alexandra Engle Alexandra Engle","Incomplete","03/31/2025","03/31/2025","","","","","","in","","","","","","","","","","","1","","Tomatoes - Generic Variety - Seedlings / Plugs","043","0.0","$","16","0.0","","14.0","Pound","0.0","sq. ft","0.0","","","","","","","","","","","6.00","","",""
"8587950","Medium","Container Sow - Beans (Common) - Provider - Seedlings / Plugs","Container Sow","Alexandra Engle Alexandra Engle","Incomplete","06/23/2025","06/23/2025","","","","","","in","","","","","","","","","","","1","","Beans (Common) - Provider - Seedlings / Plugs","046","0.0","$","203","0.0","","172.0","Pound","0.0","sq. ft.","0.0","","","","","","","","","","","6.00","","",""
"8594157","Medium","Container Sow - Eggplant - Barbarella - Seedlings / Plugs","Container Sow","Alexandra Engle Alexandra Engle","Completed","03/10/2025","03/10/2025","","","","","","in","","","","","","","","","","","1","","Eggplant - Barbarella - Seedlings / Plugs","052","0.0","$","43","0.0","","38.0","Seedlings / Plugs","0.0","sq. ft.","0.0","","","","","","","","","","","6.00","","",""
"8594445","Medium","Container Sow - Eggplant - Turkish Delight - Seedlings / Plugs","Container Sow","Alexandra Engle Alexandra Engle","Incomplete","03/31/2025","03/31/2025","","","","","","in","","","","","","","","","","","1","","Eggplant - Turkish Delight - Seedlings / Plugs","055","0.0","$","24","0.0","","21.0","Seedlings / Plugs","0.0","sq. ft.","0.0","","","","","","","","","","","6.00","","",""
"8595407","Medium","Container Sow - Lettuce - Muir - Seedlings / Plugs","Container Sow","Alexandra Engle Alexandra Engle","Incomplete","09/01/2025","09/01/2025","","","","","","in","","","","","","","","","","","1","","Lettuce - Muir - Seedlings / Plugs","061","0.0","$","94","0.0","","84.0","Pound","0.0","sq. ft.","0.0","","","","","","","","","","","6.00","","",""
"8595437","Medium","Container Sow - Kale - Starbor - Seedlings / Plugs","Container Sow","Alexandra Engle Alexandra Engle","Incomplete","09/08/2025","09/08/2025","","","","","","in","Seeds Per Cell","","","","","","","","","","1","","Kale - Starbor - Seedlings / Plugs","063","0.0","$","68","0.0","","57.0","Seedlings / Plugs","4.8976","sq. ft.","1.36","50 Cell Flat","","","","","","","","","","6.00","","",""
"8595542","Medium","Container Sow - Lettuce - Muir - Seedlings / Plugs","Container Sow","Alexandra Engle Alexandra Engle","Incomplete","07/28/2025","07/28/2025","","","","","","in","","","","","","","","","","","1","","Lettuce - Muir - Seedlings / Plugs","066","0.0","$","94","0.0","","84.0","Pound","0.0","sq. ft.","0.0","","","","","","","","","","","6.00","","",""
"8613180","Medium","Container Sow - Beans (Common) - Provider - Seedlings / Plugs","Container Sow","Alexandra Engle Alexandra Engle","Incomplete","08/04/2025","08/04/2025","","","","","","in","","","","","","","","","","","1","","Beans (Common) - Provider - Seedlings / Plugs","069","0.0","$","203","0.0","","172.0","Seedlings / Plugs","0.0","sq. ft","0.0","","","","","","","","","","","6.00","","",""
"8620152","Medium","Container Sow - Lettuce - Muir - Seedlings / Plugs","Container Sow","Alexandra Engle Alexandra Engle","Incomplete","10/08/2025","10/08/2025","","","","","","in","","","","","","","","","","","1","","Lettuce - Muir - Seedlings / Plugs","083","0.0","$","94","0.0","","84.0","Pound","0.0","sq. ft.","0.0","","","","","","","","","","","6.00","","",""
"8620177","Medium","Container Sow - Lettuce - Muir - Seedlings / Plugs","Container Sow","Alexandra Engle Alexandra Engle","Incomplete","09/29/2025","09/29/2025","","","","","","in","","","","","","","","","","","1","","Lettuce - Muir - Seedlings / Plugs","085","0.0","$","187","0.0","","168.0","Seedlings / Plugs","0.0","sq. ft.","0.0","","","","","","","","","","","6.00","","",""
"8620219","Medium","Container Sow - Lettuce - Muir - Seedlings / Plugs","Container Sow","Alexandra Engle Alexandra Engle","Incomplete","10/13/2025","10/13/2025","","","","","","in","","","","","","","","","","","1","","Lettuce - Muir - Seedlings / Plugs","087","0.0","$","187","0.0","","168.0","Pound","0.0","sq. ft.","0.0","","","","","","","","","","","6.00","","",""
"8620244","Medium","Container Sow - Lettuce - Muir - Seedlings / Plugs","Container Sow","Alexandra Engle Alexandra Engle","Incomplete","10/13/2025","10/13/2025","","","","","","in","","","","","","","","","","","1","","Lettuce - Muir - Seedlings / Plugs","089","0.0","$","94","0.0","","84.0","Pound","0.0","sq. ft.","0.0","","","","","","","","","","","6.00","","",""
"8620345","Medium","Container Sow - Kale - Lacinato (Dinosaur) - Seedlings / Plugs","Container Sow","Alexandra Engle Alexandra Engle","Incomplete","09/15/2025","09/15/2025","","","","","","in","Seeds Per Cell","","","","","","","","","","1","","Kale - Lacinato (Dinosaur) - Seedlings / Plugs","094","0.0","$","83","0.01","ounce","70.0","Seedlings / Plugs","4.8976","sq. ft.","1.66","50 Cell Flat","","","","","","","","","","6.00","","",""
"8621120","Medium","Container Sow - Lettuce - Nancy - Seedlings / Plugs","Container Sow","Alexandra Engle Alexandra Engle","Incomplete","10/06/2025","10/06/2025","","","","","","in","","","","","","","","","","","1","","Lettuce - Nancy - Seedlings / Plugs","100","0.0","$","187","0.0","","168.0","Seedlings / Plugs","0.0","sq. ft.","0.0","","","","","","","","","","","6.00","","",""
"8621138","Medium","Container Sow - Lettuce - Nancy - Seedlings / Plugs","Container Sow","Alexandra Engle Alexandra Engle","Incomplete","12/08/2025","12/08/2025","","","","","","in","","","","","","","","","","","1","","Lettuce - Nancy - Seedlings / Plugs","102","0.0","$","187","0.0","","168.0","Seedlings / Plugs","0.0","sq. ft.","0.0","","","","","","","","","","","6.00","","",""
"8621729","Medium","Container Sow - Winter Squash - Block Party - Seedlings / Plugs","Container Sow","Alexandra Engle Alexandra Engle","Incomplete","07/09/2025","07/09/2025","","","","","","in","","","","","","","","","","","2","","Winter Squash - Block Party - Seedlings / Plugs","108","0.0","$","19","0.0","","16.0","Seedlings / Plugs","0.0","sq. ft.","0.0","","","","","","","","","","","6.00","","",""
"8621903","Medium","Container Sow - Broccoli - Marathon - Seedlings / Plugs","Container Sow","Alexandra Engle Alexandra Engle","Incomplete","10/08/2025","10/08/2025","","","","","","in","","","","","","","","","","","3","","Broccoli - Marathon - Seedlings / Plugs","111","0.0","$","125","0.0","","106.0","Seedlings / Plugs","0.0","sq. ft.","0.0","","","","","","","","","","","6.00","","",""
"8621947","Medium","Container Sow - Broccoli - Marathon - Seedlings / Plugs","Container Sow","Alexandra Engle Alexandra Engle","Incomplete","09/15/2025","09/15/2025","","","","","","in","","","","","","","","","","","3","","Broccoli - Marathon - Seedlings / Plugs","113","0.0","$","125","0.0","","106.0","Seedlings / Plugs","0.0","sq. ft.","0.0","","","","","","","","","","","6.00","","",""
"8622256","Medium","Container Sow - Broccoli - Marathon - Seedlings / Plugs","Container Sow","Alexandra Engle Alexandra Engle","Incomplete","08/13/2025","08/13/2025","","","","","","in","","","","","","","","","","","3","","Broccoli - Marathon - Seedlings / Plugs","116","0.0","$","63","0.0","","53.0","Pound","0.0","sq. ft.","0.0","","","","","","","","","","","6.00","","",""
"8622282","Medium","Container Sow - Broccoli - Marathon - Seedlings / Plugs","Container Sow","Alexandra Engle Alexandra Engle","Incomplete","10/20/2025","10/20/2025","","","","","","in","","","","","","","","","","","3","","Broccoli - Marathon - Seedlings / Plugs","117","0.0","$","125","0.0","","106.0","Seedlings / Plugs","0.0","sq. ft.","0.0","","","","","","","","","","","6.00","","",""
"8622302","Medium","Container Sow - Broccoli - Marathon - Seedlings / Plugs","Container Sow","Alexandra Engle Alexandra Engle","Incomplete","12/08/2025","12/08/2025","","","","","","in","","","","","","","","","","","3","","Broccoli - Marathon - Seedlings / Plugs","119","0.0","$","125","0.0","","106.0","Seedlings / Plugs","0.0","sq. ft.","0.0","","","","","","","","","","","6.00","","",""
"8622327","Medium","Container Sow - Broccoli - Marathon - Seedlings / Plugs","Container Sow","Alexandra Engle Alexandra Engle","Completed","12/29/2025","12/29/2025","","","","","","in","","","","","","","","","","","3","","Broccoli - Marathon - Seedlings / Plugs","121","0.0","$","125","0.0","","106.0","Seedlings / Plugs","0.0","sq. ft.","0.0","","","","","","","","","","","6.00","","",""
"8622441","Medium","Container Sow - Broccoli - Marathon - Seedlings / Plugs","Container Sow","Alexandra Engle Alexandra Engle","Incomplete","01/12/2026","01/12/2026","","","","","","in","","","","","","","","","","","3","","Broccoli - Marathon - Seedlings / Plugs","127","0.0","$","125","0.0","","106.0","Seedlings / Plugs","0.0","sq. ft.","0.0","","","","","","","","","","","6.00","","",""
"8622466","Medium","Container Sow - Lettuce - Muir - Seedlings / Plugs","Container Sow","Alexandra Engle Alexandra Engle","Incomplete","02/09/2026","02/09/2026","","","","","","in","","","","","","","","","","","1","","Lettuce - Muir - Seedlings / Plugs","130","0.0","$","187","0.0","","168.0","Pound","0.0","sq. ft.","0.0","","","","","","","","","","","6.00","","",""
"9155308","Medium","Container Sow - Cauliflower - Purple Of Sicily - Seedlings / Plugs","Container Sow","","Incomplete","09/30/2025","09/30/2025","","","","","","in","","","","","","","","","","","1","","Cauliflower - Purple Of Sicily - Seedlings / Plugs","133","0.0","$","125","0.02","oz","100.0","Seedlings / Plugs","0.0","sq. ft.","0.0","","","","","","","","","","","6.00","","",""
"9155371","Medium","Container Sow - Brussels Sprouts - Catskill - Seedlings / Plugs","Container Sow","","Incomplete","09/30/2025","09/30/2025","","","","","","in","","","","","","","","","","","2","","Brussels Sprouts - Catskill - Seedlings / Plugs","135","0.0","$","59","0.01","oz","50.0","Seedlings / Plugs","0.0","sq. ft.","0.0","","","","","","","","","","","6.00","","",""
"9591634","Medium","Container Sow - Lettuce - Nancy - Seedlings / Plugs","Container Sow","","Incomplete","12/19/2025","12/19/2025","","","","","","in","","","","","","","","","","","1","","Lettuce - Nancy - Seedlings / Plugs","137","0.0","$","94","0.0","","84.0","Seedlings / Plugs","0.0","sq. ft.","0.0","","","","","","","","","","","6.00","","",""
"9591651","Medium","Container Sow - Lettuce - Nancy - Seedlings / Plugs","Container Sow","","Incomplete","12/26/2025","12/26/2025","","","","","","in","","","","","","","","","","","1","","Lettuce - Nancy - Seedlings / Plugs","139","0.0","$","94","0.0","","84.0","Seedlings / Plugs","0.0","sq. ft.","0.0","","","","","","","","","","","6.00","","",""
"9591677","Medium","Container Sow - Lettuce - Nancy - Seedlings / Plugs","Container Sow","","Completed","01/02/2026","01/02/2026","","","","","","in","","","","","","","","","","","1","","Lettuce - Nancy - Seedlings / Plugs","141","0.0","$","94","0.0","","84.0","Seedlings / Plugs","0.0","sq. ft.","0.0","","","","","","","","","","","6.00","","",""
"10389537","Medium","Container Sow - Peppers - Lunchbox Mix - Seedlings / Plugs","Container Sow","","Incomplete","02/04/2026","02/04/2026","","","","","","in","Seeds Per Cell","","","","","","","","","","1","","Peppers - Lunchbox Mix - Seedlings / Plugs","145","0.0","$","189","0.05","ounce","160.0","Seedlings / Plugs","9.7953","sq. ft.","3.78","50 Cell Flat","","","","","","","","","","6.00","","",""
"10389655","Medium","Container Sow - Tomatoes - Granadero - Seedlings / Plugs","Container Sow","","Incomplete","02/25/2026","02/25/2026","","","","","","in","Seeds Per Cell","","","","","","","","","","1","","Tomatoes - Granadero - Seedlings / Plugs","147","0.0","$","24","0.0","ounce","21.0","Seedlings / Plugs","2.4488","sq. ft.","0.48","50 Cell Flat","","","","","","","","","","6.00","","",""
"10390050","Medium","Container Sow - Tomatoes - Nova - Seedlings / Plugs","Container Sow","","Incomplete","02/25/2026","02/25/2026","","","","","","in","Seeds Per Cell","","","","","","","","","","1","","Tomatoes - Nova - Seedlings / Plugs","149","0.0","$","24","0.0","ounce","21.0","Seedlings / Plugs","2.4488","sq. ft.","0.48","50 Cell Flat","","","","","","","","","","6.00","","",""
"10390398","Medium","Container Sow - Eggplant - Turkish Delight - Seedlings / Plugs","Container Sow","","Incomplete","02/04/2026","02/04/2026","","","","","","in","Seeds Per Cell","","","","","","","","","","1","","Eggplant - Turkish Delight - Seedlings / Plugs","153","0.0","$","20","0.0","","18.0","Seedlings / Plugs","0.6468","sq. ft.","3.34","Six Pack","","","","","","","","","","6.00","","",""
"Transplant","","","","","","","","","","","","","","","","","","","","","","","","","","","","","","","","","","","","","","","","","","","","","","","","","","","","","","","","","","","",""
"Task Id","Priority","Task Name","Task Type","Assignee","Task Status","Start Date","End Date","Notes","Checklist","Attachment","Instruction","Transplant Depth","Transplant Depth Unit","Planting Pattern","Where Will You Grow This Planting?","In-row Spacing","In-row Spacing Unit","Between-row Spacing","Between-row Spacing Unit","Stagger Spacing","Stagger Spacing Unit","Assumed Bed Width","Assumed Bed Width Unit","Assumed Bed Length","Assumed Bed Length Unit","Assumed Path Width","Assumed Path Width Unit","Tolerance For Crop Canopy Creeping Into Pathways","Limit Canopy Creeping To","Canopy Creeping Limit Unit","Tags","Planting","Planting Id","Seedlings Needed","Seedlings Needed Unit","Seeds Needed","Seed Weight Needed","Seed Weight Needed Unit","Projected Initial Yield","Projected Initial Yield Unit","Square Area","Square Area Unit","No. Of Plants","Beds","Rows per Bed","Bed meter","Row meter","Location","Equipment Name","Equipment Setting","Input Name","Input Rate Amount","Input Rate Unit","Input Rate Area","Total Input Amount","Input Amount Unit","Est. Labor Time (hours)","Total Actual Labor Time (hours)","Assignee Labor Time (hours)",""
"8583678","Medium","Transplant - Beans (Common) - Dragon's Tongue - Green","Transplant","Alexandra Engle Alexandra Engle","Completed","07/31/2025","07/31/2025","","","","","0.0","in","","Field with Fixed Beds & Pathways","","","","","","","30.0","in","40.0","ft","12.0","in","Don't allow Canopy Creeping","","","","Beans (Common) - Dragon's Tongue - Green","004","50.0","Seedlings / Plugs","","","","4.7108","Pound","25.0","sq. ft","50","1.0","2","12.5","25.0","Montgomery - D > Bed 4","","","","","","","","","6.00","","",""
"8583744","Medium","Transplant - Beans (Common) - Rocdor - Green","Transplant","Alexandra Engle Alexandra Engle","Completed","07/31/2025","07/31/2025","","","","","0.0","in","","Field with Fixed Beds & Pathways","","","","","","","30.0","in","40.0","ft","12.0","in","Don't allow Canopy Creeping","","","","Beans (Common) - Rocdor - Green","006","50.0","Seedlings / Plugs","","","","4.7108","Pound","25.0","sq. ft","50","1.0","2","12.5","25.0","Montgomery - D > Bed 4","","","","","","","","","6.00","","",""
"8584027","Medium","Transplant - Beans (Common) - Dragon's Tongue - Green","Transplant","Alexandra Engle Alexandra Engle","Incomplete","07/17/2025","07/17/2025","","","","","0.0","in","","Field with Fixed Beds & Pathways","","","","","","","30.0","in","40.0","ft","12.0","in","Don't allow Canopy Creeping","","","","Beans (Common) - Dragon's Tongue - Green","014","76.0","Seedlings / Plugs","","","","7.1604","Pound","38.0","sq. ft","76","1.0","2","19.0","38.0","Montgomery - D > Bed 4","","","","","","","","","6.00","","",""
"8584094","Medium","Transplant - Watermelons - Crimson Sweet - Ripe Fruit","Transplant","Alexandra Engle Alexandra Engle","Incomplete","07/31/2025","07/31/2025","","","","","0.0","in","","Field with Fixed Beds & Pathways","","","","","","","30.0","in","37.75","ft","12.0","in","Don't allow Canopy Creeping","","","","Watermelons - Crimson Sweet - Ripe Fruit","016","36.0","Seedlings / Plugs","","","","216.9422","Pound","270.0","sq. ft","36","4.0","1","108.0","108.0","Montgomery - B > Beds 1-4","","","","","","","","","6.00","","",""
"8584441","Medium","Transplant - Winter Squash - Honey Bear - Ripe Squash","Transplant","Alexandra Engle Alexandra Engle","Incomplete","08/04/2025","08/04/2025","","","","","0.0","in","","Field with Fixed Beds & Pathways","","","","","","","30.0","in","35.0","ft","12.0","in","Don't allow Canopy Creeping","","","","Winter Squash - Honey Bear - Ripe Squash","024","12.0","Seedlings / Plugs","","","","49.5868","Pound","180.0","sq. ft","12","2.0","1","36.0","36.0","Anza - A > Beds 3-4","","","","","","","","","6.00","","",""
"8587341","Medium","Transplant - Kale - Starbor - Mature","Transplant","Alexandra Engle Alexandra Engle","Incomplete","10/20/2025","10/20/2025","","","","","0.0","in","","Field with Fixed Beds & Pathways","","","","","","","30.0","in","40.0","ft","18.0","in","Don't allow Canopy Creeping","","","","Kale - Starbor - Mature","031","57.0","Seedlings / Plugs","","","","24.3388","Pound","85.5","sq. ft.","57","1.0","2","42.75","85.5","Montgomery - B > Bed 4","","","","","","","","","6.00","","",""
"8587633","Medium","Transplant - Strawflowers - Strawflowers Generic - Cut Flowers","Transplant","Alexandra Engle Alexandra Engle","Incomplete","08/04/2025","08/04/2025","","","","","0.0","in","","Field with Fixed Beds & Pathways","","","","","","","30.0","in","40.0","ft","12.0","in","Don't allow Canopy Creeping","","","","Strawflowers - Generic Variety - Cut Flowers","033","112.0","Seedlings / Plugs","","","","","Stem","84.0","sq. ft","112","1.0","2","42.0","84.0","Montgomery - C > Bed 8","","","","","","","","","6.00","","",""
"8587639","Medium","Transplant - Strawflowers - Strawflowers Generic - Cut Flowers","Transplant","Alexandra Engle Alexandra Engle","Incomplete","08/04/2025","08/04/2025","","","","","0.0","in","","Field with Fixed Beds & Pathways","","","","","","","30.0","in","40.0","ft","12.0","in","Don't allow Canopy Creeping","","","","Strawflowers - Generic Variety - Cut Flowers","035","114.0","Seedlings / Plugs","","","","","Stem","85.5","sq. ft","114","1.0","2","42.75","85.5","Montgomery - D > Bed 8","","","","","","","","","6.00","","",""
"8587720","Medium","Transplant - Tomatoes - Tomatoes Generic - Ripe","Transplant","Alexandra Engle Alexandra Engle","Incomplete","05/05/2025","05/05/2025","","","","","0.0","in","","Field with Fixed Beds & Pathways","","","","","","","30.0","in","40.0","ft","18.0","in","Don't allow Canopy Creeping","","","","Tomatoes - Generic Variety - Ripe","042","28.0","Seedlings / Plugs","","","","52.0662","Pound","126.0","sq. ft","28","2.0","1","84.0","84.0","Montgomery - C > Beds 2, 4","","","","","","","","","6.00","","",""
"8594158","Medium","Transplant - Eggplant - Barbarella - Ripe","Transplant","Alexandra Engle Alexandra Engle","Incomplete","05/26/2025","05/26/2025","","","","","0.0","in","","Field with Fixed Beds & Pathways","","","","","","","30.0","in","40.0","ft","18.0","in","Don't allow Canopy Creeping","","","","Eggplant - Barbarella - Ripe","053","38.0","Seedlings / Plugs","","","","28.7879","Pound","76.0","sq. ft.","38","1.0","2","38.0","76.0","Montgomery - A > Bed 1","","","","","","","","","6.00","","",""
"8594316","Medium","Transplant - Eggplant - Barbarella - Ripe","Transplant","Alexandra Engle Alexandra Engle","Incomplete","05/26/2025","05/26/2025","","","","","0.0","in","","Field with Fixed Beds & Pathways","","","","","","","30.0","in","40.0","ft","18.0","in","Don't allow Canopy Creeping","","","","Eggplant - Barbarella - Ripe","054","38.0","Seedlings / Plugs","","","","28.7879","Pound","76.0","sq. ft","38","1.0","2","38.0","76.0","Montgomery - A > Bed 2","","","","","","","","","6.00","","",""
"8594446","Medium","Transplant - Eggplant - Turkish Delight - Ripe","Transplant","Alexandra Engle Alexandra Engle","Incomplete","05/26/2025","05/26/2025","","","","","0.0","in","","Field with Fixed Beds & Pathways","","","","","","","30.0","in","40.0","ft","12.0","in","Don't allow Canopy Creeping","","","","Eggplant - Turkish Delight - Ripe","056","21.0","Seedlings / Plugs","","","","31.3361","Pound","105.0","sq. ft.","21","1.0","1","42.0","42.0","Montgomery - C > Bed 5","","","","","","","","","6.00","","",""
"8595306","Medium","Transplant - Peppers - Peppers Generic - Ripe","Transplant","Alexandra Engle Alexandra Engle","Incomplete","06/16/2025","06/16/2025","","","","","0.0","in","","Field with Fixed Beds & Pathways","","","","","","","30.0","in","40.0","ft","12.0","in","Don't allow Canopy Creeping","","","","Peppers - Generic Variety - Ripe","059","42.0","Seedlings / Plugs","","","","26.9973","Pound","84.0","sq. ft","42","1.0","1","42.0","42.0","Montgomery - C > Bed 1","","","","","","","","","6.00","","",""
"8595370","Medium","Transplant - Peppers - Peppers Generic - Ripe","Transplant","Alexandra Engle Alexandra Engle","Incomplete","06/16/2025","06/16/2025","","","","","0.0","in","","Field with Fixed Beds & Pathways","","","","","","","30.0","in","40.0","ft","12.0","in","Don't allow Canopy Creeping","","","","Peppers - Generic Variety - Ripe","060","42.0","Seedlings / Plugs","","","","26.9973","Pound","84.0","sq. ft","42","1.0","1","42.0","42.0","Montgomery - C > Bed 3","","","","","","","","","6.00","","",""
"8595438","Medium","Transplant - Kale - Starbor - Mature","Transplant","Alexandra Engle Alexandra Engle","Incomplete","09/29/2025","09/29/2025","","","","","0.0","in","","Field with Fixed Beds & Pathways","","","","","","","30.0","in","40.0","ft","18.0","in","Don't allow Canopy Creeping","","","","Kale - Starbor - Mature","064","57.0","Seedlings / Plugs","","","","24.3388","Pound","85.5","sq. ft.","57","1.0","2","42.75","85.5","Montgomery - B > Bed 5","","","","","","","","","6.00","","",""
"8595478","Medium","Transplant - Strawflowers - Strawflowers Generic - Cut Flowers","Transplant","Alexandra Engle Alexandra Engle","Incomplete","06/01/2025","06/01/2025","","","","","0.0","in","","Field with Fixed Beds & Pathways","","","","","","","30.0","in","40.0","ft","12.0","in","Don't allow Canopy Creeping","","","","Strawflowers - Generic Variety - Cut Flowers","065","114.0","Seedlings / Plugs","","","","","Stem","85.5","sq. ft","114","1.0","2","42.75","85.5","Montgomery - B > Bed 6","","","","","","","","","6.00","","",""
"8613181","Medium","Transplant - Beans (Common) - Provider - Green","Transplant","Alexandra Engle Alexandra Engle","Incomplete","08/18/2025","08/18/2025","","","","","0.0","in","","Field with Fixed Beds & Pathways","","","","","","","30.0","in","44.0","ft","12.0","in","Don't allow Canopy Creeping","","","","Beans (Common) - Provider - Green","070","172.0","Seedlings / Plugs","","","","16.205","Pound","86.0","sq. ft.","172","1.0","2","43.0","86.0","Montgomery - D > Bed 3","","","","","","","","","6.00","","",""
"8613345","Medium","Transplant - Watermelons - Crimson Sweet - Ripe Fruit","Transplant","Alexandra Engle Alexandra Engle","Incomplete","07/07/2025","07/07/2025","","","","","0.0","in","","Field with Fixed Beds & Pathways","","","","","","","30.0","in","40.0","ft","12.0","in","Don't allow Canopy Creeping","","","","Watermelons - Crimson Sweet - Ripe Fruit","077","14.0","Seedlings / Plugs","","","","84.3664","Pound","105.0","sq. ft","14","1.0","1","42.0","42.0","Montgomery - B > Bed 5","","","","","","","","","6.00","","",""
"8620178","Medium","Transplant - Lettuce - Muir - Mature Heads","Transplant","Alexandra Engle Alexandra Engle","Incomplete","10/27/2025","10/27/2025","","","","","0.0","in","","Field with Fixed Beds & Pathways","","","","","","","30.0","in","42.0","ft","12.0","in","Maximize Canopy Creeping per side","","","","Lettuce - Muir - Mature Heads","086","168.0","Seedlings / Plugs","","","","127.2728","Pound","252.0","sq. ft.","168","2.0","1","168.0","168.0","Montgomery - C > Beds 5-6","","","","","","","","","6.00","","",""
"8620346","Medium","Transplant - Kale - Lacinato (Dinosaur) - Mature","Transplant","Alexandra Engle Alexandra Engle","Incomplete","10/13/2025","10/13/2025","","","","","0.0","in","","Field with Fixed Beds & Pathways","","","","","","","30.0","in","36.0","ft","12.0","in","Don't allow Canopy Creeping","","","","Kale - Lacinato (Dinosaur) - Mature","095","70.0","Seedlings / Plugs","","","","87.5","Pound","315.0","sq. ft.","70","3.0","1","105.0","105.0","Montgomery - B > Bed 1","","","","","","","","","6.00","","",""
"8621121","Medium","Transplant - Lettuce - Nancy - Mature Heads","Transplant","Alexandra Engle Alexandra Engle","Incomplete","11/03/2025","11/03/2025","","","","","0.0","in","","Field with Fixed Beds & Pathways","","","","","","","30.0","in","42.0","ft","12.0","in","Don't allow Canopy Creeping","","","","Lettuce - Nancy - Mature Heads","101","168.0","Seedlings / Plugs","","","","103.6501","Pound","210.0","sq. ft.","168","2.0","2","84.0","168.0","Montgomery - C > Beds 1-2","","","","","","","","","6.00","","",""
"8621139","Medium","Transplant - Lettuce - Nancy - Mature Heads","Transplant","Alexandra Engle Alexandra Engle","Incomplete","01/05/2026","01/05/2026","","","","","0.0","in","","Field with Fixed Beds & Pathways","","","","","","","30.0","in","42.0","ft","12.0","in","Don't allow Canopy Creeping","","","","Lettuce - Nancy - Mature Heads","103","168.0","Seedlings / Plugs","","","","103.6501","Pound","210.0","sq. ft.","168","2.0","2","84.0","168.0","Montgomery - C > Beds 1-2","","","","","","","","","6.00","","",""
"8621534","Medium","Transplant - Watermelons - Crimson Sweet - Ripe Fruit","Transplant","Alexandra Engle Alexandra Engle","Incomplete","06/04/2025","06/04/2025","","","","","0.0","in","","Field with Fixed Beds & Pathways","","","","","","","30.0","in","40.0","ft","12.0","in","Don't allow Canopy Creeping","","","","Watermelons - Crimson Sweet - Ripe Fruit","105","16.0","Seedlings / Plugs","","","","96.4188","Pound","120.0","sq. ft.","16","1.0","1","48.0","48.0","Anza - C > Bed 4","","","","","","","","","6.00","","",""
"8621730","Medium","Transplant - Winter Squash - Block Party - Ripe Squash","Transplant","Alexandra Engle Alexandra Engle","Incomplete","07/23/2025","07/23/2025","","","","","0.0","in","","Field with Fixed Beds & Pathways","","","","","","","30.0","in","40.0","ft","18.0","in","Don't allow Canopy Creeping","","","","Winter Squash - Block Party - Ripe Squash","109","16.0","Seedlings / Plugs","","","","30.854","Kilogram","96.0","sq. ft.","16","1.0","1","48.0","48.0","Anza - C > Bed 3","","","","","","","","","6.00","","",""
"8621904","Medium","Transplant - Broccoli - Marathon - Heads","Transplant","Alexandra Engle Alexandra Engle","Incomplete","11/05/2025","11/05/2025","","","","","0.0","in","","Field with Fixed Beds & Pathways","","","","","","","30.0","in","40.0","ft","18.0","in","Don't allow Canopy Creeping","","","","Broccoli - Marathon - Heads","112","106.0","Seedlings / Plugs","","","","19.3457","Pound","159.0","sq. ft.","106","2.0","2","79.5","159.0","Anza - B > Beds 4-5","","","","","","","","","6.00","","",""
"8621948","Medium","Transplant - Broccoli - Marathon - Heads","Transplant","Alexandra Engle Alexandra Engle","Incomplete","10/13/2025","10/13/2025","","","","","0.0","in","","Field with Fixed Beds & Pathways","","","","","","","30.0","in","40.0","ft","18.0","in","Don't allow Canopy Creeping","","","","Broccoli - Marathon - Heads","114","106.0","Seedlings / Plugs","","","","79.5","Pound","160.0","sq. ft.","106","1.0","2","79.5","159.0","Anza - B > Beds 2-3","","","","","","","","","6.00","","",""
"8622117","Medium","Transplant - Sweet Potatoes - Sweet Potatoes Generic - Mature","Transplant","Alexandra Engle Alexandra Engle","Incomplete","08/28/2025","08/28/2025","","","","","0.0","in","","Field with Fixed Beds & Pathways","","","","","","","30.0","in","50.0","ft","12.0","in","Don't allow Canopy Creeping","","","","Sweet Potatoes - Generic Variety - Mature","115","49.0","Slips","","","","245.0","Pound","171.5","sq. ft.","49","1.0","1","49.0","49.0","Anza - C > Bed 4","","","","","","","","","6.00","","",""
"8622283","Medium","Transplant - Broccoli - Marathon - Heads","Transplant","Alexandra Engle Alexandra Engle","Incomplete","11/17/2025","11/17/2025","","","","","0.0","in","","Field with Fixed Beds & Pathways","","","","","","","30.0","in","40.0","ft","18.0","in","Don't allow Canopy Creeping","","","","Broccoli - Marathon - Heads","118","106.0","Seedlings / Plugs","","","","19.3457","Pound","159.0","sq. ft.","106","2.0","2","79.5","159.0","Anza - B > Beds 6-7","","","","","","","","","6.00","","",""
"8622303","Medium","Transplant - Broccoli - Marathon - Heads","Transplant","Alexandra Engle Alexandra Engle","Incomplete","01/05/2026","01/05/2026","","","","","0.0","in","","Field with Fixed Beds & Pathways","","","","","","","30.0","in","40.0","ft","18.0","in","Don't allow Canopy Creeping","","","","Broccoli - Marathon - Heads","120","106.0","Seedlings / Plugs","","","","19.3457","Pound","159.0","sq. ft.","106","2.0","2","79.5","159.0","Anza - B > Beds 2-3","","","","","","","","","6.00","","",""
"8622328","Medium","Transplant - Broccoli - Marathon - Heads","Transplant","Alexandra Engle Alexandra Engle","Incomplete","01/26/2026","01/26/2026","","","","","0.0","in","","Field with Fixed Beds & Pathways","","","","","","","30.0","in","40.0","ft","18.0","in","Don't allow Canopy Creeping","","","","Broccoli - Marathon - Heads","122","106.0","Seedlings / Plugs","","","","19.3457","Pound","159.0","sq. ft.","106","2.0","2","79.5","159.0","Anza - B > Beds 4-5","","","","","","","","","6.00","","",""
"8622442","Medium","Transplant - Broccoli - Marathon - Heads","Transplant","Alexandra Engle Alexandra Engle","Incomplete","02/09/2026","02/09/2026","","","","","0.0","in","","Field with Fixed Beds & Pathways","","","","","","","30.0","in","40.0","ft","18.0","in","Don't allow Canopy Creeping","","","","Broccoli - Marathon - Heads","128","106.0","Seedlings / Plugs","","","","19.3457","Pound","159.0","sq. ft.","106","2.0","2","79.5","159.0","Anza - B > Beds 6-7","","","","","","","","","6.00","","",""
"9155309","Medium","Transplant - Cauliflower - Purple Of Sicily - Heads","Transplant","","Incomplete","11/11/2025","11/11/2025","","","","","0.0","in","","Field with Fixed Beds & Pathways","","","","","","","30.0","in","40.0","ft","12.0","in","Don't allow Canopy Creeping","","","","Cauliflower - Purple Of Sicily - Heads","134","100.0","Seedlings / Plugs","","","","112.9907","Pound","393.75","sq. ft.","100","5.0","1","175.0","175.0","","","","","","","","","","6.00","","",""
"9155372","Medium","Transplant - Brussels Sprouts - Catskill - Mature","Transplant","","Incomplete","11/11/2025","11/11/2025","","","","","0.0","in","","Field with Fixed Beds & Pathways","","","","","","","30.0","in","40.0","ft","12.0","in","Don't allow Canopy Creeping","","","","Brussels Sprouts - Catskill - Mature","136","50.0","Seedlings / Plugs","","","","103.3058","Pound","225.0","sq. ft.","50","2.0","1","75.0","75.0","","","","","","","","","","6.00","","",""
"9591635","Medium","Transplant - Lettuce - Nancy - Mature Heads","Transplant","","Incomplete","01/16/2026","01/16/2026","","","","","0.0","in","","Field with Fixed Beds & Pathways","","","","","","","30.0","in","42.0","ft","18.0","in","Don't allow Canopy Creeping","","","","Lettuce - Nancy - Mature Heads","138","84.0","Seedlings / Plugs","","","","51.8251","Pound","105.0","sq. ft.","84","1.0","2","42.0","84.0","Montgomery - C > Bed 5","","","","","","","","","6.00","","",""
"9591652","Medium","Transplant - Lettuce - Nancy - Mature Heads","Transplant","","Incomplete","01/23/2026","01/23/2026","","","","","0.0","in","","Field with Fixed Beds & Pathways","","","","","","","30.0","in","42.0","ft","18.0","in","Don't allow Canopy Creeping","","","","Lettuce - Nancy - Mature Heads","140","84.0","Seedlings / Plugs","","","","51.8251","Pound","105.0","sq. ft.","84","2.0","2","42.0","84.0","Montgomery - C > Bed 6","","","","","","","","","6.00","","",""
"9591678","Medium","Transplant - Lettuce - Nancy - Mature Heads","Transplant","","Incomplete","01/30/2026","01/30/2026","","","","","0.0","in","","Field with Fixed Beds & Pathways","","","","","","","30.0","in","42.0","ft","18.0","in","Don't allow Canopy Creeping","","","","Lettuce - Nancy - Mature Heads","142","84.0","Seedlings / Plugs","","","","51.8251","Pound","105.0","sq. ft.","84","1.0","2","42.0","84.0","Montgomery - C > Bed 7","","","","","","","","","6.00","","",""
"10389538","Medium","Transplant - Peppers - Lunchbox Mix - Ripe","Transplant","","Incomplete","04/01/2026","04/01/2026","","","","","0.0","in","","Field with Fixed Beds & Pathways","","","","","","","30.0","in","40.0","ft","18.0","in","Don't allow Canopy Creeping","","","","Peppers - Lunchbox Mix - Ripe","146","160.0","Seedlings / Plugs","","","","82.6446","Pound","200.0","sq. ft.","160","2.0","2","80.0","160.0","Anza - B > Beds 2-3","","","","","","","","","6.00","","",""
"10389656","Medium","Transplant - Tomatoes - Granadero - Ripe","Transplant","","Incomplete","04/15/2026","04/15/2026","","","","","0.0","in","","Field with Fixed Beds & Pathways","","","","","","","30.0","in","43.0","ft","18.0","in","Don't allow Canopy Creeping","","","","Tomatoes - Granadero - Ripe","148","21.0","Seedlings / Plugs","","","","42.4242","Pound","84.0","sq. ft.","21","1.0","1","42.0","42.0","Montgomery - B > Bed 2","","","","","","","","","6.00","","",""
"10390051","Medium","Transplant - Tomatoes - Nova - Ripe","Transplant","","Incomplete","04/15/2026","04/15/2026","","","","","0.0","in","","Field with Fixed Beds & Pathways","","","","","","","30.0","in","43.0","ft","18.0","in","Don't allow Canopy Creeping","","","","Tomatoes - Nova - Ripe","150","21.0","Seedlings / Plugs","","","","130.1653","Pound","210.0","sq. ft.","21","1.0","1","42.0","42.0","Montgomery - B > Bed 3","","","","","","","","","6.00","","",""
"10390399","Medium","Transplant - Eggplant - Turkish Delight - Ripe","Transplant","","Incomplete","04/01/2026","04/01/2026","","","","","0.0","in","","Field with Fixed Beds & Pathways","","","","","","","30.0","in","19.0","ft","18.0","in","Don't allow Canopy Creeping","","","","Eggplant - Turkish Delight - Ripe","154","18.0","Seedlings / Plugs","","","","30.9917","Pound","90.0","sq. ft.","18","2.0","1","36.0","36.0","Montgomery - A > Beds 5-6","","","","","","","","","6.00","","",""
"Precision Sow","","","","","","","","","","","","","","","","","","","","","","","","","","","","","","","","","","","","","","","","","","","","","","","","","","","","","","","","","","","","",""
"Task Id","Priority","Task Name","Task Type","Assignee","Task Status","Start Date","End Date","Notes","Checklist","Attachment","Instruction","Seed Depth","Seed Depth Unit","Seeds Per Hole","One Plant Per","Planting Pattern","Where Will You Grow This Planting?","In-row Spacing","In-row Spacing Unit","Between-row Spacing","Between-row Spacing Unit","Stagger Spacing","Stagger Spacing Unit","Assumed Bed Width","Assumed Bed Width Unit","Assumed Bed Length","Assumed Bed Length Unit","Assumed Path Width","Assumed Path Width Unit","Tolerance For Crop Canopy Creeping Into Pathways","Limit Canopy Creeping To","Canopy Creeping Limit Unit","Tags","Planting","Planting Id","Projected Initial Revenue","Projected Initial Revenue Unit","Seeds Needed","Seed Weight Needed","Seed Weight Needed Unit","Projected Initial Yield","Projected Initial Yield Unit","Square Area","Square Area Unit","No. Of Plants","Beds","Rows per Bed","Bed meter","Row meter","Location","Equipment Name","Equipment Setting","Input Name","Input Rate Amount","Input Rate Unit","Input Rate Area","Total Input Amount","Input Amount Unit","Est. Labor Time (hours)","Total Actual Labor Time (hours)","Assignee Labor Time (hours)"
"8585042","Medium","Precision Sow - Corn - Corn Generic - Sweet","Precision Sow","Alexandra Engle Alexandra Engle","Completed","07/22/2025","07/22/2025","","","","","0.0","in","1","Seed","Rectangular","Field with Fixed Beds & Pathways","3.0","in","30.0","in","","","30.0","in","50.0","ft","18.0","in","Don't allow Canopy Creeping","","","","Corn - Generic Variety - Sweet","025","0.0","$","211","1.36","oz","20.0873","Pound","125.0","sq. ft.","200","1.0","1","50.0","50.0","Anza - C > Bed 1","","","","","","","","","6.00","",""
"8587990","Medium","Precision Sow - Carrots - Romance - Mature","Precision Sow","Alexandra Engle Alexandra Engle","Incomplete","09/11/2025","09/11/2025","","","","","0.0","in","1","Seed","Rectangular","Field with Fixed Beds & Pathways","1.0","in","12.0","in","","","30.0","in","56.0","ft","12.0","in","Don't allow Canopy Creeping","","","","Carrots - Romance - Mature","048","0.0","$","608","0.03","oz","18.7557","Pound","38.0","sq. ft.","456","1.0","2","19.0","38.0","Montgomery - A > Bed 4","","","","","","","","","6.00","",""
"8594140","Medium","Precision Sow - Carrots - Romance - Mature","Precision Sow","Alexandra Engle Alexandra Engle","Incomplete","11/03/2025","11/03/2025","","","","","0.0","in","1","Seed","Rectangular","Field with Fixed Beds & Pathways","1.0","in","7.0","in","","","30.0","in","43.0","ft","12.0","in","Don't allow Canopy Creeping","","","","Carrots - Romance - Mature","050","115.1669","$","2561","0.1281","oz","46.0668","Pound","93.3334","sq. ft.","1920","1.0","4","40.0","160.0","Montgomery - D > Bed 6","","","","","","","","","6.00","",""
"8595290","Medium","Precision Sow - Beets - Merlin - Mature","Precision Sow","Alexandra Engle Alexandra Engle","Incomplete","09/29/2025","09/29/2025","","","","","0.5","in","1","Seed","Rectangular","Field with Fixed Beds & Pathways","3.0","in","12.0","in","","","30.0","in","43.0","ft","18.0","in","Don't allow Canopy Creeping","","","","Beets - Merlin - Mature","057","0.0","$","860","0.57","oz","90.8173","Pound","172.0","sq. ft.","688","2.0","2","86.0","172.0","Montgomery - D > Beds 5, 7","","","","","","","","","6.00","",""
"8613245","Medium","Precision Sow - Beets - Merlin - Mature","Precision Sow","Alexandra Engle Alexandra Engle","Incomplete","11/19/2025","11/19/2025","","","","","0.5","in","1","Seed","Rectangular","Field with Fixed Beds & Pathways","3.0","in","12.0","in","","","30.0","in","44.0","ft","18.0","in","Don't allow Canopy Creeping","","","","Beets - Merlin - Mature","071","125.4545","$","440","0.2933","oz","46.4646","Pound","88.0","sq. ft.","352","1.0","2","44.0","88.0","Montgomery - D > Bed 1","","","","","","","","","6.00","",""
"8613329","Medium","Precision Sow - Watermelons - Crimson Sweet - Ripe Fruit","Precision Sow","Alexandra Engle Alexandra Engle","Incomplete","07/23/2025","07/23/2025","","","","","0.0","in","1","Seed","","Field with Fixed Beds & Pathways","","","","","","","30.0","in","40.0","ft","12.0","in","Don't allow Canopy Creeping","","","","Watermelons - Crimson Sweet - Ripe Fruit","076","0.0","$","16","","oz","84.3664","Pound","105.0","sq. ft","14","1.0","1","42.0","42.0","Montgomery - B > Bed 4","","","","","","","","","6.00","",""
"8620264","Medium","Precision Sow - Spinach - Space - Baby","Precision Sow","Alexandra Engle Alexandra Engle","Incomplete","11/18/2025","11/18/2025","","","","","0.0","in","1","Seed","Rectangular","Field with Fixed Beds & Pathways","1.0","in","7.0","in","","","30.0","in","42.0","ft","18.0","in","Don't allow Canopy Creeping","","","","Spinach - Space - Baby","091","0.0","$","2520","0.05","oz","29.247","Pound","98.0","sq. ft.","2016","1.0","4","42.0","168.0","Montgomery - C > Bed 7","","","","","","","","","6.00","",""
"8620490","Medium","Precision Sow - Beets - Merlin - Mature","Precision Sow","Alexandra Engle Alexandra Engle","Incomplete","12/01/2025","12/01/2025","","","","","0.5","in","1","Seed","Rectangular","Field with Fixed Beds & Pathways","3.0","in","12.0","in","","","30.0","in","43.0","ft","18.0","in","Don't allow Canopy Creeping","","","","Beets - Merlin - Mature","096","245.2066","$","860","0.5733","oz","90.8173","Pound","172.0","sq. ft.","688","2.0","2","86.0","172.0","Montgomery - D > Beds 5, 7","","","","","","","","","6.00","",""
"8620533","Medium","Precision Sow - Beets - Merlin - Mature","Precision Sow","Alexandra Engle Alexandra Engle","Incomplete","01/21/2026","01/21/2026","","","","","0.5","in","1","Seed","Rectangular","Field with Fixed Beds & Pathways","3.0","in","12.0","in","","","30.0","in","44.0","ft","18.0","in","Don't allow Canopy Creeping","","","","Beets - Merlin - Mature","097","125.4545","$","440","0.2933","oz","46.4646","Pound","88.0","sq. ft.","352","1.0","2","44.0","88.0","Montgomery - D > Bed 1","","","","","","","","","6.00","",""
"8620906","Medium","Precision Sow - Beets - Merlin - Mature","Precision Sow","Alexandra Engle Alexandra Engle","Incomplete","01/05/2026","01/05/2026","","","","","0.5","in","1","Seed","Rectangular","Field with Fixed Beds & Pathways","3.0","in","12.0","in","","","30.0","in","40.0","ft","18.0","in","Don't allow Canopy Creeping","","","","Beets - Merlin - Mature","098","0.0","$","860","0.5866666666666666","oz","90.8173","Pound","172.0","sq. ft.","688","2.0","2","86.0","172.0","","","","","","","","","","6.00","",""
"8620930","Medium","Precision Sow - Beets - Merlin - Mature","Precision Sow","Alexandra Engle Alexandra Engle","Incomplete","02/02/2026","02/02/2026","","","","","0.5","in","1","Seed","Rectangular","Field with Fixed Beds & Pathways","3.0","in","12.0","in","","","30.0","in","43.0","ft","18.0","in","Don't allow Canopy Creeping","","","","Beets - Merlin - Mature","099","245.2066","$","860","0.5733","oz","90.8173","Pound","172.0","sq. ft.","688","2.0","2","86.0","172.0","Montgomery - D > Beds 5, 7","","","","","","","","","6.00","",""
"8621322","Medium","Precision Sow - Corn - Corn Generic - Sweet","Precision Sow","Alexandra Engle Alexandra Engle","Incomplete","06/04/2025","06/04/2025","","","","","0.0","in","1","Seed","Rectangular","Field with Fixed Beds & Pathways","3.0","in","30.0","in","","","30.0","in","50.0","ft","18.0","in","Don't allow Canopy Creeping","","","","Corn - Generic Variety - Sweet","104","0.0","$","211","1.36","oz","20.0873","Pound","125.0","sq. ft.","200","1.0","1","50.0","50.0","Anza - C > Bed 2","","","","","","","","","6.00","",""
"8621671","Medium","Precision Sow - Carrots - Romance - Mature","Precision Sow","Alexandra Engle Alexandra Engle","Incomplete","09/08/2025","09/08/2025","","","","","0.0","in","1","Seed","Rectangular","Field with Fixed Beds & Pathways","1.0","in","7.0","in","","","30.0","in","44.0","ft","12.0","in","Don't allow Canopy Creeping","","","","Carrots - Romance - Mature","107","0.0","$","2816","0.14","oz","50.6734","Pound","102.6667","sq. ft.","2112","1.0","4","44.0","176.0","Montgomery - D > Bed 2","","","","","","","","","6.00","",""
"8622393","Medium","Precision Sow - Carrots - Romance - Mature","Precision Sow","Alexandra Engle Alexandra Engle","Completed","12/08/2025","12/08/2025","","","","","0.0","in","1","Seed","Rectangular","Field with Fixed Beds & Pathways","1.0","in","7.0","in","","","30.0","in","44.0","ft","12.0","in","Don't allow Canopy Creeping","","","","Carrots - Romance - Mature","124","123.8043","$","2752","0.1376","oz","49.5217","Pound","100.3333","sq. ft.","2064","1.0","4","42.98","171.92","Montgomery - D > Bed 2","","","","","","","","","6.00","",""
"8622403","Medium","Precision Sow - Carrots - Romance - Mature","Precision Sow","Alexandra Engle Alexandra Engle","Incomplete","11/10/2025","11/10/2025","","","","","0.0","in","1","Seed","Rectangular","Field with Fixed Beds & Pathways","1.0","in","7.0","in","","","30.0","in","44.0","ft","12.0","in","Don't allow Canopy Creeping","","","","Carrots - Romance - Mature","125","126.6835","$","2817","0.1409","oz","50.6734","Pound","102.6667","sq. ft.","2112","1.0","4","44.0","176.0","Montgomery - D > Bed 4","","","","","","","","","6.00","",""
"8622411","Medium","Precision Sow - Carrots - Romance - Mature","Precision Sow","Alexandra Engle Alexandra Engle","Incomplete","02/02/2026","02/02/2026","","","","","0.0","in","1","Seed","Rectangular","Field with Fixed Beds & Pathways","1.0","in","7.0","in","","","30.0","in","40.0","ft","12.0","in","Don't allow Canopy Creeping","","","","Carrots - Romance - Mature","126","0.0","$","5120","0.26","oz","92.1335","Pound","186.6667","sq. ft.","3840","2.0","4","80.0","320.0","","","","","","","","","","6.00","",""
"8622557","Medium","Precision Sow - Beets - Merlin - Mature","Precision Sow","Alexandra Engle Alexandra Engle","Incomplete","09/16/2025","09/16/2025","","","","","0.5","in","1","Seed","Rectangular","Field with Fixed Beds & Pathways","3.0","in","12.0","in","","","30.0","in","44.0","ft","18.0","in","Don't allow Canopy Creeping","","","","Beets - Merlin - Mature","132","0.0","$","441","0.29","oz","46.4646","Pound","88.0","sq. ft.","352","1.0","2","44.0","88.0","Montgomery - D > Bed 1","","","","","","","","","6.00","",""
"10389330","Medium","Precision Sow - Corn - Natural Sweet - Sweet","Precision Sow","","Incomplete","04/01/2026","04/01/2026","","","","","1.0","in","1","Hole","","Field with Fixed Beds & Pathways","","","","","","","30.0","in","40.0","ft","18.0","in","Don't allow Canopy Creeping","","","","Corn - Natural Sweet - Sweet","143","1280.0","$","674","4.3205","oz","320.0","pound","400.0","sq. ft.","640","4.0","2","160.0","320.0","Anza - B > Beds 8-11","","","","","","","","","6.00","",""
"10389460","Medium","Precision Sow - Cucumbers - Cucumbers Generic - Full Size","Precision Sow","","Incomplete","03/02/2026","03/02/2026","","","","","0.0","in","1","Hole","","Field with Fixed Beds & Pathways","","","","","","","30.0","in","43.0","ft","18.0","in","Don't allow Canopy Creeping","","","","Cucumbers - Generic Variety - Full Size","144","259.1253","$","172","0.1741","oz","86.3751","Pound","215.0","sq. ft.","172","2.0","2","86.0","172.0","Montgomery - B > Beds 4-5","","","","","","","","","6.00","",""
"10390139","Medium","Precision Sow - Winter Squash - Block Party - Ripe Squash","Precision Sow","","Incomplete","03/02/2026","03/02/2026","","","","","0.0","in","1","Hole","","Field with Fixed Beds & Pathways","","","","","","","30.0","in","50.0","ft","12.0","in","Don't allow Canopy Creeping","","","","Winter Squash - Block Party - Ripe Squash","151","357.0248","$","57","","oz","198.3471","pound","288.0","sq. ft.","48","3.0","1","144.0","144.0","Anza - C > Beds 1-3","","","","","","","","","6.00","",""
"10390204","Medium","Precision Sow - Summer Squash - Summer Squash Generic - Full Size","Precision Sow","","Incomplete","03/02/2026","03/02/2026","","","","","0.0","in","1","Hole","","Field with Fixed Beds & Pathways","","","","","","","30.0","in","42.0","ft","18.0","in","Don't allow Canopy Creeping","","","","Summer Squash - Generic Variety - Full Size","152","225.6198","$","75","0.3","oz","90.2479","Pound","504.0","sq. ft.","63","3.0","1","126.0","126.0","Montgomery - C > Beds 1-3","","","","","","","","","6.00","",""
"10519267","Medium","Precision Sow - Beans (Common) - Provider - Green","Precision Sow","","Incomplete","03/02/2026","03/02/2026","","","","","0.0","in","1","Seed","","Field with Fixed Beds & Pathways","","","","","","","30.0","in","42.0","ft","18.0","in","Don't allow Canopy Creeping","","","","Beans (Common) - Provider - Green","155","0.0","$","396","","oz","31.6562","Pound","168.0","sq. ft.","336","2.0","2","84.0","168.0","Montgomery - C > Beds 4-5","","","","","","","","","6.00","",""
"10519283","Medium","Precision Sow - Beans (Common) - Provider - Green","Precision Sow","","Incomplete","03/23/2026","03/23/2026","","","","","0.0","in","1","Seed","","Field with Fixed Beds & Pathways","","","","","","","30.0","in","42.0","ft","18.0","in","Don't allow Canopy Creeping","","","","Beans (Common) - Provider - Green","156","0.0","$","396","","oz","31.6562","Pound","168.0","sq. ft.","336","2.0","2","84.0","168.0","Montgomery - C > Beds 6-7","","","","","","","","","6.00","",""
"10519384","Medium","Precision Sow - Summer Squash - Summer Squash Generic - Full Size","Precision Sow","","Incomplete","06/22/2026","06/22/2026","","","","","0.0","in","1","Hole","","Field with Fixed Beds & Pathways","","","","","","","30.0","in","42.0","ft","18.0","in","Don't allow Canopy Creeping","","","","Summer Squash - Generic Variety - Full Size","157","0.0","$","75","0.3","oz","90.2479","Pound","504.0","sq. ft.","63","3.0","1","126.0","126.0","Montgomery - C > Beds 5-7","","","","","","","","","6.00","",""
"10519512","Medium","Precision Sow - Beans (Common) - Provider - Green","Precision Sow","","Incomplete","07/21/2026","07/21/2026","","","","","0.0","in","1","Seed","","Field with Fixed Beds & Pathways","","","","","","","30.0","in","42.0","ft","18.0","in","Don't allow Canopy Creeping","","","","Beans (Common) - Provider - Green","158","0.0","$","396","","oz","31.6562","Pound","168.0","sq. ft.","336","2.0","2","84.0","168.0","Montgomery - C > Beds 1-2","","","","","","","","","6.00","",""
"10519600","Medium","Precision Sow - Beans (Common) - Provider - Green","Precision Sow","","Incomplete","07/06/2026","07/06/2026","","","","","0.0","in","1","Seed","","Field with Fixed Beds & Pathways","","","","","","","30.0","in","42.0","ft","18.0","in","Don't allow Canopy Creeping","","","","Beans (Common) - Provider - Green","159","0.0","$","396","","oz","31.6562","Pound","168.0","sq. ft.","336","2.0","2","84.0","168.0","Montgomery - C > Beds 3-4","","","","","","","","","6.00","",""
